CREATE DATABASE IF NOT EXISTS `oauth_demo` /*!40100 DEFAULT CHARACTER SET utf8mb4 COLLATE utf8mb4_0900_ai_ci */ /*!80016 DEFAULT ENCRYPTION='N' */;
USE `oauth_demo`;
-- MySQL dump 10.13  Distrib 8.0.29, for macos12 (x86_64)
--
-- Host: localhost    Database: oauth_demo
-- ------------------------------------------------------
-- Server version	8.0.29

/*!40101 SET @OLD_CHARACTER_SET_CLIENT=@@CHARACTER_SET_CLIENT */;
/*!40101 SET @OLD_CHARACTER_SET_RESULTS=@@CHARACTER_SET_RESULTS */;
/*!40101 SET @OLD_COLLATION_CONNECTION=@@COLLATION_CONNECTION */;
/*!50503 SET NAMES utf8 */;
/*!40103 SET @OLD_TIME_ZONE=@@TIME_ZONE */;
/*!40103 SET TIME_ZONE='+00:00' */;
/*!40014 SET @OLD_UNIQUE_CHECKS=@@UNIQUE_CHECKS, UNIQUE_CHECKS=0 */;
/*!40014 SET @OLD_FOREIGN_KEY_CHECKS=@@FOREIGN_KEY_CHECKS, FOREIGN_KEY_CHECKS=0 */;
/*!40101 SET @OLD_SQL_MODE=@@SQL_MODE, SQL_MODE='NO_AUTO_VALUE_ON_ZERO' */;
/*!40111 SET @OLD_SQL_NOTES=@@SQL_NOTES, SQL_NOTES=0 */;

--
-- Table structure for table `clients`
--

DROP TABLE IF EXISTS `clients`;
/*!40101 SET @saved_cs_client     = @@character_set_client */;
/*!50503 SET character_set_client = utf8mb4 */;
CREATE TABLE `clients` (
  `id` varchar(255) NOT NULL,
  `secret` varchar(255) NOT NULL,
  `name` varchar(255) NOT NULL,
  PRIMARY KEY (`id`)
) ENGINE=InnoDB DEFAULT CHARSET=utf8mb4 COLLATE=utf8mb4_0900_ai_ci;
/*!40101 SET character_set_client = @saved_cs_client */;

--
-- Dumping data for table `clients`
--

LOCK TABLES `clients` WRITE;
/*!40000 ALTER TABLE `clients` DISABLE KEYS */;
INSERT INTO `clients` VALUES ('/REfczWdN6Swa4vCxXGu','UaGRrDvb/TswBSr0LFAA','Jaxnation'),('+iYTe/Lz+UjeiKYLA0oW','CaEIIOLvDVpL8D5z3Sew','Zazio'),('1loLErENjI7bGqX0npD1','ZufzAjz1QNRlIlsDKYW/','Topiclounge'),('1TY0QOLe1fBeYRVZvfgI','uEIjaQvLKrvlu/3NiErd','Linklinks'),('4Ot/FBKSy/87ayjxpOC8','0UB8ufP4xrfnPZn5GlQM','Rhyloo'),('5XPkn4X8RzJdLYQRBC+J','E4CUk+uFJ9B7lgsadxJd','Reallinks'),('6If+iActeNO3xQ7pKC9Z','aZX9rzk7DauV38hTAEER','Oba'),('8joNivCWYRamIWy/rzYl','6IjcdWXpWr/nU7/wYaiL','Skippad'),('9uaI/kgqQgazmQOODm05','UQqFFelfvvcsbWU4Mdmf','Roombo'),('AiprE6vFSPcuMp76POoG','71eKNpiRguQaidahdvlP','Feedfire'),('bb1XVD2I/8zv+0vwdcUq','BVB06FgmwD4wJDvpQJlC','Vinte'),('bzid1qce881jUK9VgDi0','aX9LugABhuMY0GhAh7TJ','Aibox'),('C78AEm308EUYhxGQvQqx','YmIzQSFXAKmf1v6t3hmj','Youbridge'),('cRCI3ZL1fXsU/5PbY16C','htafAzVMxlKzo2kHmGKc','Flashspan'),('dFHMxiY6y7g0f6HC4a00','sHxj79TcEPu2/rzT++e5','Tagopia'),('f2bdMwwpyr7+0pgme5co','voaee9bEE5jgkCxXdd1t','Linkbuzz'),('Ft+r2sKQ6xXKvtaneH6E','gj/2IUfmqx7Cn75dN2O4','Gabspot'),('GHt8JnEQ8OnRp83z1C6+','ezmIDAF1CmMhO9Phj9Qq','Youopia'),('GP/t/muebGLme4yy71mB','o5JPBQ9U1koEiFrN6n1y','Rhynyx'),('gWxwt8Uw0sYLGhoHd+Q8','xXGa5/D1v5FnKP/RuYLt','Jayo'),('GYTHaZ7ELGfME4tqmmLE','6o2x5AwM+J33bFK52bYL','Photolist'),('hogeS02ReeftQPApFmZB','hkh+RFrbPzwhMtkju7V7','Kanoodle'),('i+8jI8YYAZVVWko9SJLB','NhiWBsiCqF7pmUTrQ4pa','Centizu'),('IDsPH/OfiGC9Z26Sb4A0','EzfAFlNYoRmo1yhtTMh0','Brightdog'),('IZyOXUqFAu64fuh/yO+3','AXMhmPC+poDn7DwHs3Qy','Kaymbo'),('jRhB5Vffrg9x1NXvhYJ9','TzEB9g6eH42zTR64PsMP','Wordpedia'),('kSWplBo1EtnvF7OQyWEX','qr4ZNeWJdBdye/pP7zhF','Skyble'),('kZiNt2RMWFf1Vc5O3sQI','739pe06AVoLbR4G+5tHc','Buzzbean'),('lwC/YIv/Yr2QrM6XlRvj','FEQiA/EXQaGCHRgqnO8x','Ntags'),('mBKUmjNEHk+6eWA10wPe','hW4IQmoHAoaDZOAONXSB','Tazzy'),('MRhnuodS2YB+j3z8MIKi','llslZFsY0ajzbHVDr7VV','Ailane'),('mRtyhnhMpTQW1mcA4Pft','MhNUo/9kW9Tomt6HKqsc','Voonyx'),('nqy5meQRSbfYL9UJ27XF','2DPrzxFL20lSd9UTDSjd','Voonte'),('NyD+zC5CfURva3AGReSP','kblfsGtqxYeAIE8hTOXV','Meembee'),('OBxjvQom0baqX1oySbK4','3SWs4elBYvoKAxMfrJCP','Meevee'),('pIVwXyimq5eLReHfRZnl','goc7DNSbbfx1LZ+Yoqhv','Blogtags'),('PVGt3L8bLvKgy47KH8l1','0+Y4nEhVxSjIrEFTdIDT','Devpulse'),('qgfzX9mOdRTndNPQkuIX','x+ik3DlrGmJUDJXqbZwN','InnoZ'),('qSfcI6aUzjYzpuDRS51N','FM2wpiFkUgWSq5iHU/gk','Jabbersphere'),('r3ckusOKGj/XXEbknvpj','uXD0HeKVv8RQ+K4G058k','Kayveo'),('RIOHwEGu+aL/EHILsUre','/hWZd3ivQfWceXV4GCJp','Dynava'),('tGlaY+Kg6J8Smxct1ESF','y7bGZset58qvj7sfxOMZ','Minyx'),('TPahykPHhecknrc+HqNc','JN3KC4B1CfQvSvsqWAwk','Blogspan'),('TwcpU/1JoS3dAeYmLrHU','aNsG4jJu5xIvBmpAu8re','Meemm'),('tWqHagr1v6F3pZB48rC6','0T4GodiPlO07M3bJaGiS','Kare'),('uG35Xp7gYOCvFkAWlm/h','YwOBourwdq8QLubyrwTm','Skajo'),('um7ccYSUr38+cPgsnA1m','K3bMEEkdujQJbw1lzdw/','Kamba'),('UOf0noFjLXGtEdT9Z8V+','G8i3wO2esYUOQpV0OLLA','Lazzy'),('UTsmhG04Fi3VHmS7LWYR','R5R7tL++H9AlMzFnpNyL','Skimia'),('V2m1GJlD28xv5NjSNW+p','MFCOUylIckMRS56Dt6CU','Riffwire'),('XPRbJEs/5EdRsbNDJCM7','r6t0uheNY3fJEe0qiXWR','Oyonder'),('XSfuRJ/Dz2WyBWXjIhwi','3Pwa0zeqkMZw4FNnvpLN','Voomm'),('YjK80TGp7hCRoCgSG9S4','+hVzLvQu+pXLyr6ctWQ7','Roomm'),('zenAV+FPs4CVkwakMvPH','zgpgknZLSzsrZvxnAVae','Miboo'),('zo86DxRCW66XWKoxQ31E','2LxQEznkqYnHoVM30cA9','Eabox'),('zVzHC+B0PxcTP8/AiAHE','zscLupfVND1nHDBilELF','Zoomlounge');
/*!40000 ALTER TABLE `clients` ENABLE KEYS */;
UNLOCK TABLES;

--
-- Table structure for table `contacts`
--

DROP TABLE IF EXISTS `contacts`;
/*!40101 SET @saved_cs_client     = @@character_set_client */;
/*!50503 SET character_set_client = utf8mb4 */;
CREATE TABLE `contacts` (
  `user_id` int unsigned NOT NULL,
  `contact_user_id` int unsigned NOT NULL,
  PRIMARY KEY (`user_id`,`contact_user_id`),
  KEY `contacts_contact_user_id_fk_idx` (`contact_user_id`),
  CONSTRAINT `contacts_contact_user_id_fk` FOREIGN KEY (`contact_user_id`) REFERENCES `users` (`id`) ON DELETE CASCADE ON UPDATE CASCADE,
  CONSTRAINT `contacts_user_id_fk` FOREIGN KEY (`user_id`) REFERENCES `users` (`id`)
) ENGINE=InnoDB DEFAULT CHARSET=utf8mb4 COLLATE=utf8mb4_0900_ai_ci;
/*!40101 SET character_set_client = @saved_cs_client */;

--
-- Dumping data for table `contacts`
--

LOCK TABLES `contacts` WRITE;
/*!40000 ALTER TABLE `contacts` DISABLE KEYS */;
INSERT INTO `contacts` VALUES (6,1),(13,1),(30,1),(31,1),(39,1),(40,1),(45,1),(50,1),(56,1),(71,1),(78,1),(80,1),(83,1),(5,2),(8,2),(24,2),(33,2),(36,2),(46,2),(50,2),(63,2),(64,2),(72,2),(93,2),(1,3),(10,3),(22,3),(26,3),(36,3),(49,3),(50,3),(52,3),(59,3),(74,3),(76,3),(78,3),(97,3),(12,4),(46,4),(47,4),(57,4),(70,4),(72,4),(81,4),(91,4),(92,4),(99,4),(1,5),(5,5),(11,5),(17,5),(40,5),(50,5),(51,5),(60,5),(68,5),(11,6),(16,6),(35,6),(37,6),(39,6),(51,6),(62,6),(70,6),(82,6),(18,7),(21,7),(24,7),(46,7),(69,7),(89,7),(91,7),(96,7),(6,8),(7,8),(12,8),(39,8),(44,8),(59,8),(71,8),(78,8),(2,9),(10,9),(12,9),(29,9),(36,9),(60,9),(61,9),(67,9),(75,9),(84,9),(98,9),(5,10),(12,10),(13,10),(17,10),(20,10),(29,10),(45,10),(47,10),(70,10),(74,10),(79,10),(94,10),(96,10),(2,11),(14,11),(18,11),(20,11),(25,11),(42,11),(43,11),(49,11),(71,11),(80,11),(90,11),(93,11),(97,11),(1,12),(7,12),(9,12),(17,12),(36,12),(37,12),(38,12),(40,12),(49,12),(53,12),(67,12),(70,12),(77,12),(7,13),(14,13),(24,13),(25,13),(42,13),(58,13),(62,13),(71,13),(88,13),(95,13),(1,14),(6,14),(23,14),(38,14),(75,14),(79,14),(88,14),(91,14),(92,14),(4,15),(13,15),(27,15),(37,15),(41,15),(46,15),(59,15),(60,15),(61,15),(63,15),(81,15),(93,15),(96,15),(9,16),(12,16),(24,16),(27,16),(34,16),(42,16),(51,16),(56,16),(58,16),(65,16),(71,16),(76,16),(85,16),(92,16),(94,16),(99,16),(2,17),(6,17),(21,17),(26,17),(27,17),(42,17),(46,17),(82,17),(84,17),(86,17),(2,18),(31,18),(32,18),(33,18),(35,18),(52,18),(55,18),(57,18),(61,18),(65,18),(70,18),(72,18),(79,18),(90,18),(2,19),(9,19),(10,19),(27,19),(33,19),(34,19),(43,19),(50,19),(52,19),(53,19),(80,19),(84,19),(85,19),(92,19),(95,19),(23,20),(34,20),(48,20),(64,20),(67,20),(77,20),(79,20),(81,20),(94,20),(100,20),(5,21),(9,21),(19,21),(22,21),(23,21),(29,21),(35,21),(42,21),(72,21),(74,21),(85,21),(95,21),(96,21),(5,22),(6,22),(19,22),(24,22),(29,22),(46,22),(66,22),(68,22),(72,22),(80,22),(93,22),(5,23),(47,23),(55,23),(63,23),(70,23),(75,23),(77,23),(82,23),(90,23),(93,23),(13,24),(18,24),(19,24),(31,24),(33,24),(40,24),(48,24),(67,24),(87,24),(96,24),(2,25),(27,25),(29,25),(40,25),(60,25),(63,25),(72,25),(73,25),(91,25),(4,26),(11,26),(12,26),(19,26),(33,26),(38,26),(41,26),(44,26),(62,26),(67,26),(80,26),(83,26),(90,26),(5,27),(11,27),(12,27),(13,27),(27,27),(31,27),(34,27),(37,27),(49,27),(59,27),(60,27),(61,27),(64,27),(77,27),(82,27),(91,27),(92,27),(96,27),(16,28),(20,28),(24,28),(32,28),(36,28),(41,28),(43,28),(48,28),(49,28),(54,28),(58,28),(69,28),(74,28),(79,28),(84,28),(100,28),(4,29),(19,29),(21,29),(22,29),(31,29),(39,29),(45,29),(56,29),(58,29),(69,29),(84,29),(88,29),(3,30),(10,30),(22,30),(37,30),(38,30),(39,30),(41,30),(44,30),(50,30),(57,30),(58,30),(66,30),(74,30),(76,30),(81,30),(85,30),(93,30),(3,31),(4,31),(10,31),(18,31),(23,31),(37,31),(38,31),(40,31),(64,31),(70,31),(85,31),(91,31),(92,31),(15,32),(28,32),(29,32),(41,32),(56,32),(69,32),(73,32),(2,33),(3,33),(12,33),(19,33),(26,33),(28,33),(30,33),(33,33),(38,33),(62,33),(74,33),(97,33),(8,34),(9,34),(31,34),(50,34),(53,34),(98,34),(27,35),(28,35),(32,35),(42,35),(64,35),(65,35),(77,35),(86,35),(98,35),(99,35),(9,36),(11,36),(15,36),(33,36),(34,36),(38,36),(40,36),(48,36),(53,36),(63,36),(85,36),(5,37),(6,37),(8,37),(28,37),(45,37),(52,37),(56,37),(63,37),(72,37),(75,37),(79,37),(80,37),(85,37),(86,37),(87,37),(3,38),(11,38),(21,38),(37,38),(42,38),(53,38),(63,38),(64,38),(68,38),(71,38),(72,38),(74,38),(93,38),(95,38),(100,38),(11,39),(16,39),(34,39),(36,39),(47,39),(51,39),(59,39),(61,39),(66,39),(67,39),(81,39),(89,39),(91,39),(93,39),(26,40),(33,40),(38,40),(39,40),(41,40),(45,40),(61,40),(66,40),(100,40),(4,41),(8,41),(41,41),(44,41),(63,41),(74,41),(83,41),(87,41),(96,41),(1,42),(4,42),(6,42),(9,42),(29,42),(32,42),(42,42),(45,42),(60,42),(71,42),(85,42),(8,43),(15,43),(23,43),(32,43),(37,43),(39,43),(49,43),(50,43),(57,43),(81,43),(84,43),(90,43),(95,43),(96,43),(2,44),(6,44),(8,44),(17,44),(27,44),(36,44),(41,44),(48,44),(49,44),(51,44),(57,44),(80,44),(93,44),(97,44),(100,44),(8,45),(14,45),(18,45),(20,45),(23,45),(27,45),(45,45),(63,45),(68,45),(82,45),(11,46),(13,46),(21,46),(23,46),(29,46),(43,46),(58,46),(72,46),(95,46),(12,47),(14,47),(15,47),(35,47),(36,47),(37,47),(50,47),(70,47),(71,47),(81,47),(2,48),(3,48),(4,48),(19,48),(20,48),(24,48),(34,48),(35,48),(36,48),(37,48),(63,48),(68,48),(72,48),(76,48),(96,48),(1,49),(4,49),(5,49),(13,49),(15,49),(17,49),(19,49),(20,49),(24,49),(44,49),(49,49),(55,49),(65,49),(84,49),(86,49),(87,49),(96,49),(4,50),(13,50),(21,50),(25,50),(31,50),(34,50),(35,50),(36,50),(56,50),(60,50),(61,50),(65,50),(73,50),(78,50),(81,50),(86,50),(100,50),(16,51),(25,51),(26,51),(32,51),(38,51),(43,51),(48,51),(49,51),(54,51),(58,51),(64,51),(72,51),(75,51),(88,51),(97,51),(11,52),(23,52),(29,52),(31,52),(37,52),(47,52),(48,52),(68,52),(72,52),(78,52),(85,52),(92,52),(36,53),(39,53),(45,53),(64,53),(66,53),(85,53),(87,53),(90,53),(93,53),(94,53),(10,54),(17,54),(20,54),(24,54),(40,54),(47,54),(49,54),(61,54),(76,54),(80,54),(82,54),(85,54),(2,55),(3,55),(5,55),(11,55),(29,55),(30,55),(35,55),(42,55),(50,55),(51,55),(53,55),(60,55),(88,55),(4,56),(15,56),(16,56),(18,56),(33,56),(36,56),(40,56),(59,56),(74,56),(7,57),(11,57),(25,57),(31,57),(39,57),(44,57),(62,57),(66,57),(67,57),(69,57),(71,57),(83,57),(87,57),(91,57),(92,57),(94,57),(99,57),(2,58),(3,58),(51,58),(54,58),(56,58),(57,58),(60,58),(70,58),(80,58),(9,59),(14,59),(16,59),(31,59),(44,59),(60,59),(62,59),(66,59),(67,59),(76,59),(79,59),(86,59),(88,59),(89,59),(2,60),(8,60),(12,60),(20,60),(21,60),(24,60),(29,60),(32,60),(36,60),(39,60),(42,60),(55,60),(69,60),(71,60),(75,60),(76,60),(91,60),(95,60),(97,60),(98,60),(6,61),(8,61),(19,61),(22,61),(25,61),(31,61),(34,61),(36,61),(37,61),(48,61),(61,61),(65,61),(68,61),(69,61),(72,61),(99,61),(16,62),(18,62),(57,62),(62,62),(64,62),(69,62),(71,62),(75,62),(86,62),(89,62),(90,62),(92,62),(94,62),(95,62),(8,63),(10,63),(18,63),(20,63),(34,63),(37,63),(48,63),(52,63),(56,63),(63,63),(65,63),(67,63),(76,63),(82,63),(84,63),(85,63),(100,63),(11,64),(12,64),(17,64),(18,64),(20,64),(22,64),(26,64),(27,64),(30,64),(42,64),(47,64),(59,64),(69,64),(92,64),(100,64),(8,65),(15,65),(18,65),(20,65),(21,65),(22,65),(31,65),(38,65),(39,65),(54,65),(67,65),(78,65),(87,65),(89,65),(99,65),(4,66),(7,66),(9,66),(13,66),(18,66),(40,66),(45,66),(47,66),(70,66),(79,66),(13,67),(24,67),(37,67),(40,67),(46,67),(64,67),(75,67),(83,67),(87,67),(88,67),(89,67),(99,67),(12,68),(18,68),(22,68),(40,68),(42,68),(72,68),(77,68),(79,68),(90,68),(92,68),(94,68),(96,68),(1,69),(3,69),(7,69),(12,69),(13,69),(27,69),(30,69),(33,69),(41,69),(53,69),(58,69),(63,69),(64,69),(68,69),(70,69),(75,69),(85,69),(92,69),(95,69),(99,69),(8,70),(18,70),(21,70),(23,70),(24,70),(25,70),(49,70),(51,70),(72,70),(75,70),(84,70),(87,70),(88,70),(21,71),(26,71),(35,71),(47,71),(55,71),(60,71),(64,71),(67,71),(96,71),(11,72),(13,72),(16,72),(19,72),(22,72),(23,72),(24,72),(50,72),(51,72),(53,72),(55,72),(70,72),(72,72),(73,72),(80,72),(16,73),(22,73),(33,73),(49,73),(59,73),(71,73),(73,73),(82,73),(83,73),(85,73),(96,73),(4,74),(19,74),(28,74),(33,74),(35,74),(63,74),(85,74),(91,74),(97,74),(1,75),(3,75),(21,75),(22,75),(25,75),(34,75),(35,75),(40,75),(46,75),(54,75),(61,75),(73,75),(80,75),(88,75),(1,76),(2,76),(27,76),(52,76),(55,76),(59,76),(68,76),(77,76),(80,76),(89,76),(15,77),(28,77),(35,77),(36,77),(38,77),(39,77),(42,77),(43,77),(45,77),(64,77),(67,77),(8,78),(30,78),(38,78),(41,78),(46,78),(65,78),(68,78),(88,78),(96,78),(97,78),(1,79),(7,79),(28,79),(29,79),(39,79),(41,79),(72,79),(73,79),(89,79),(14,80),(15,80),(22,80),(39,80),(53,80),(55,80),(57,80),(58,80),(78,80),(80,80),(90,80),(96,80),(98,80),(4,81),(6,81),(22,81),(34,81),(71,81),(75,81),(81,81),(87,81),(95,81),(96,81),(23,82),(25,82),(45,82),(49,82),(53,82),(61,82),(62,82),(73,82),(79,82),(89,82),(94,82),(5,83),(10,83),(11,83),(13,83),(20,83),(36,83),(46,83),(47,83),(48,83),(66,83),(76,83),(91,83),(17,84),(46,84),(54,84),(76,84),(82,84),(89,84),(92,84),(94,84),(100,84),(3,85),(21,85),(26,85),(32,85),(40,85),(42,85),(73,85),(76,85),(80,85),(81,85),(82,85),(84,85),(91,85),(7,86),(9,86),(13,86),(23,86),(24,86),(27,86),(34,86),(41,86),(52,86),(82,86),(90,86),(97,86),(99,86),(100,86),(4,87),(6,87),(30,87),(34,87),(38,87),(52,87),(63,87),(68,87),(70,87),(86,87),(4,88),(7,88),(13,88),(15,88),(19,88),(20,88),(43,88),(46,88),(47,88),(49,88),(58,88),(63,88),(71,88),(72,88),(77,88),(95,88),(100,88),(2,89),(3,89),(17,89),(23,89),(38,89),(44,89),(50,89),(88,89),(99,89),(14,90),(26,90),(47,90),(49,90),(56,90),(60,90),(71,90),(77,90),(78,90),(82,90),(83,90),(90,90),(92,90),(99,90),(7,91),(8,91),(12,91),(18,91),(26,91),(27,91),(29,91),(31,91),(58,91),(81,91),(99,91),(10,92),(15,92),(28,92),(33,92),(36,92),(38,92),(50,92),(57,92),(63,92),(64,92),(88,92),(6,93),(8,93),(13,93),(21,93),(25,93),(27,93),(31,93),(32,93),(36,93),(41,93),(54,93),(61,93),(70,93),(72,93),(90,93),(92,93),(96,93),(1,94),(11,94),(13,94),(16,94),(38,94),(46,94),(58,94),(61,94),(76,94),(84,94),(86,94),(1,95),(5,95),(15,95),(32,95),(34,95),(38,95),(45,95),(50,95),(72,95),(81,95),(84,95),(88,95),(94,95),(97,95),(99,95),(3,96),(7,96),(37,96),(38,96),(47,96),(54,96),(58,96),(84,96),(88,96),(99,96),(1,97),(13,97),(24,97),(49,97),(50,97),(58,97),(66,97),(74,97),(75,97),(92,97),(6,98),(11,98),(13,98),(20,98),(22,98),(24,98),(54,98),(60,98),(95,98),(5,99),(10,99),(12,99),(16,99),(17,99),(21,99),(25,99),(33,99),(34,99),(62,99),(65,99),(86,99),(100,99),(7,100),(14,100),(22,100),(31,100),(35,100),(47,100),(69,100),(72,100),(74,100),(100,100);
/*!40000 ALTER TABLE `contacts` ENABLE KEYS */;
UNLOCK TABLES;

--
-- Table structure for table `users`
--

DROP TABLE IF EXISTS `users`;
/*!40101 SET @saved_cs_client     = @@character_set_client */;
/*!50503 SET character_set_client = utf8mb4 */;
CREATE TABLE `users` (
  `id` int unsigned NOT NULL AUTO_INCREMENT,
  `username` varchar(64) NOT NULL,
  `password` varchar(255) NOT NULL,
  `gender` enum('Unknown','Male','Female') NOT NULL,
  `date_of_birth` date NOT NULL,
  `country` varchar(64) NOT NULL,
  `city` varchar(64) NOT NULL,
  `profile_image` varchar(255) NOT NULL,
  PRIMARY KEY (`id`),
  UNIQUE KEY `users_username_unique` (`username`)
) ENGINE=InnoDB AUTO_INCREMENT=257 DEFAULT CHARSET=utf8mb4 COLLATE=utf8mb4_0900_ai_ci;
/*!40101 SET character_set_client = @saved_cs_client */;

--
-- Dumping data for table `users`
--

LOCK TABLES `users` WRITE;
/*!40000 ALTER TABLE `users` DISABLE KEYS */;
INSERT INTO `users` VALUES (1,'nmealham0','8eGXACm3ju98','Male','1996-07-13','Switzerland','Luzern','https://robohash.org/esseatreprehenderit.png?size=64x64&set=set1'),(2,'eyouell1','juKe2fnxOwnl','Male','2007-07-23','China','Daxing','https://robohash.org/autasperioresvoluptatum.png?size=64x64&set=set1'),(3,'gmacbane2','4rnOmKq','Male','2004-08-19','Philippines','Calinog','https://robohash.org/etinciduntsaepe.png?size=64x64&set=set1'),(4,'ominchindon3','H63UTE','Male','1997-03-21','France','Seynod','https://robohash.org/quiexpeditanobis.png?size=64x64&set=set1'),(5,'pcheales4','JADaIFk','Female','2005-04-20','China','Qabqir','https://robohash.org/aspernaturerroromnis.png?size=64x64&set=set1'),(6,'igalilee5','AZaOWj8UHmw','Female','2002-05-21','Indonesia','Dengok','https://robohash.org/eaquevoluptatestempore.png?size=64x64&set=set1'),(7,'tgerhardt6','QtV5qP5q5wT','Male','1995-05-05','Netherlands','Zeewolde','https://robohash.org/corporisadipiscimolestiae.png?size=64x64&set=set1'),(8,'wroxbee7','OzUYtJf','Female','2000-09-18','Kazakhstan','Shemonaīkha','https://robohash.org/quidemetqui.png?size=64x64&set=set1'),(9,'gdrewson8','jBKZmsGku','Male','1997-06-15','Philippines','Oras','https://robohash.org/doloresarchitectoexpedita.png?size=64x64&set=set1'),(10,'jmcvane9','PiJ0AG6b','Unknown','2001-03-30','Russia','Krasnodar','https://robohash.org/quibusdamadamet.png?size=64x64&set=set1'),(11,'jkinningleya','wt5APO8r','Female','1995-01-31','Russia','Povedniki','https://robohash.org/providentutquia.png?size=64x64&set=set1'),(12,'cmcpaikb','8rFgXqq','Male','1993-04-14','Brazil','Cataguases','https://robohash.org/possimusaliquamdolores.png?size=64x64&set=set1'),(13,'bcrantonc','GBr1zpC8z','Female','1999-03-19','Thailand','Bang Rakam','https://robohash.org/aliquamquised.png?size=64x64&set=set1'),(14,'aastleyd','pYeQgBMM','Unknown','1997-12-15','Brazil','Passo Fundo','https://robohash.org/idestet.png?size=64x64&set=set1'),(15,'afrancesche','v8aDlPItqEg','Male','1992-06-28','China','Hengshan','https://robohash.org/molestiaeaaccusantium.png?size=64x64&set=set1'),(16,'mdafyddf','dtY7jeT','Male','1998-03-30','Russia','Energetik','https://robohash.org/facererepellendusquaerat.png?size=64x64&set=set1'),(17,'adegregolig','sCOMkBbar','Male','2000-07-05','Mauritius','Saint Hubert','https://robohash.org/quiarchitectorerum.png?size=64x64&set=set1'),(18,'kfooteh','o1hNzrX0','Male','1998-12-24','Philippines','Curuan','https://robohash.org/maioresetmolestiae.png?size=64x64&set=set1'),(19,'colligani','kt6160f','Male','1990-01-03','Papua New Guinea','Kerema','https://robohash.org/laboriosamnihileaque.png?size=64x64&set=set1'),(20,'bsoppitj','JiToy5pS9LN','Male','2007-04-24','Indonesia','Tejakalapa','https://robohash.org/corruptivoluptatibusrecusandae.png?size=64x64&set=set1'),(21,'ahabletk','ZegmSRm0JZ','Male','1999-08-17','Argentina','Puerto Madryn','https://robohash.org/numquamnemomolestiae.png?size=64x64&set=set1'),(22,'rmuslal','qvYsORREE','Female','1996-05-24','South Africa','Hopetown','https://robohash.org/nesciuntvoluptatemullam.png?size=64x64&set=set1'),(23,'rkurtenm','cUdSDBJNh','Female','2009-10-22','Cambodia','Sihanoukville','https://robohash.org/etoccaecatiqui.png?size=64x64&set=set1'),(24,'kgeorgeln','YOeM0F','Female','2000-10-26','Togo','Sotouboua','https://robohash.org/enimesthic.png?size=64x64&set=set1'),(25,'sgardnero','U8FV3q','Female','2002-06-29','China','Dasongshu','https://robohash.org/evenietreprehenderitaccusantium.png?size=64x64&set=set1'),(26,'acaigp','gXzNlb2QCby','Male','1991-08-16','Botswana','Botlhapatlou','https://robohash.org/quiitaquefacere.png?size=64x64&set=set1'),(27,'sbrammerq','EpFUBvUXADOR','Female','2002-12-16','Russia','Novopavlovsk','https://robohash.org/eaquidemet.png?size=64x64&set=set1'),(28,'mhambletonr','xmtdp9jmirRC','Female','1998-04-20','United States','Toledo','https://robohash.org/dolorumetexcepturi.png?size=64x64&set=set1'),(29,'wbrounes','Ip5Rgvvo6','Male','2004-09-01','China','Yimamu','https://robohash.org/doloremnonsunt.png?size=64x64&set=set1'),(30,'ghardit','YkENe0','Male','2009-12-15','Russia','Nartkala','https://robohash.org/accusantiumquodsapiente.png?size=64x64&set=set1'),(31,'mwaterlandu','pgxovn8','Male','1992-11-09','Mexico','La Laguna','https://robohash.org/quodidnesciunt.png?size=64x64&set=set1'),(32,'spickavancev','GPvU2y','Unknown','2009-06-18','Indonesia','Parung','https://robohash.org/sitevenietfuga.png?size=64x64&set=set1'),(33,'gprovostw','eg6zdm5Vn','Female','2005-12-04','Portugal','Mosteiró','https://robohash.org/aliassedratione.png?size=64x64&set=set1'),(34,'pmonierx','TToYFdYVH','Female','2006-10-13','Brazil','Buerarema','https://robohash.org/maioresblanditiisest.png?size=64x64&set=set1'),(35,'edisleyy','LLfPjdNl','Female','2006-09-21','Reunion','Saint-Denis','https://robohash.org/perferendisuterror.png?size=64x64&set=set1'),(36,'lbanksz','7QXnzbw0u2j','Unknown','1992-01-04','Malaysia','Alor Setar','https://robohash.org/laboriosamdoloremsimilique.png?size=64x64&set=set1'),(37,'ladger10','1Mxn7CBeLPBr','Female','2004-12-08','Kazakhstan','Lenger','https://robohash.org/esseperspiciatisdolorum.png?size=64x64&set=set1'),(38,'bdrewet11','XdtjtY','Female','2006-01-24','Haiti','Thomazeau','https://robohash.org/utvoluptasiure.png?size=64x64&set=set1'),(39,'ewakley12','iVR1omPfgE','Female','2001-08-20','France','Pont-Audemer','https://robohash.org/nisiquiainventore.png?size=64x64&set=set1'),(40,'mgreasty13','CmgHSaSgU5H7','Female','1992-06-08','Greece','Vólos','https://robohash.org/velitnullaquo.png?size=64x64&set=set1'),(41,'azisneros14','eZk4E0kHcFRR','Unknown','1990-09-10','Iraq','Tozkhurmato','https://robohash.org/doloresseddebitis.png?size=64x64&set=set1'),(42,'kdando15','KVY84TVl7rN','Female','1991-03-01','China','Pengwan','https://robohash.org/quidemeiuseveniet.png?size=64x64&set=set1'),(43,'dfiddy16','kBJBEVg','Male','1999-06-16','China','Houjia','https://robohash.org/cupiditaterecusandaeharum.png?size=64x64&set=set1'),(44,'akleinsmuntz17','mFDrCPzggE','Male','1993-10-21','Philippines','Carriedo','https://robohash.org/iureidearum.png?size=64x64&set=set1'),(45,'pfarnall18','GNd1Ote','Female','2004-04-11','Iran','Fūman','https://robohash.org/quisaliasdolores.png?size=64x64&set=set1'),(46,'asprigings19','phpyGMdBXuW','Male','2004-09-28','Mexico','Buenavista','https://robohash.org/doloremdelectusomnis.png?size=64x64&set=set1'),(47,'rworts1a','PLrQ90','Male','1990-03-05','China','Zhangjiawo','https://robohash.org/utdoloremsapiente.png?size=64x64&set=set1'),(48,'pnollet1b','rEJZUgQsH1','Male','2008-12-24','Philippines','Lemery','https://robohash.org/etarchitectoeveniet.png?size=64x64&set=set1'),(49,'hschiersch1c','Skk01qlCp3','Male','1996-05-22','China','Jianshe','https://robohash.org/nonipsaincidunt.png?size=64x64&set=set1'),(50,'cleitche1d','LlxVqR','Male','1999-10-19','Argentina','Río Tercero','https://robohash.org/autemetipsum.png?size=64x64&set=set1'),(51,'cdurram1e','yptfpcwDvliC','Female','1995-02-21','Serbia','Gornji Breg','https://robohash.org/facilismolestiaedeserunt.png?size=64x64&set=set1'),(52,'bphinn1f','kDIRXaKfQZKR','Male','2002-05-22','Indonesia','Leuburi','https://robohash.org/officiaeareprehenderit.png?size=64x64&set=set1'),(53,'ceingerfield1g','sKSsgibBndzk','Male','1992-05-20','Malaysia','Kota Bharu','https://robohash.org/commodiperspiciatisimpedit.png?size=64x64&set=set1'),(54,'jhowman1h','myR3SXQgTby4','Male','1992-06-16','Philippines','Balibago','https://robohash.org/pariaturlaborequidem.png?size=64x64&set=set1'),(55,'alinford1i','ZLeC4yI1ktFX','Male','1993-04-23','Bangladesh','Pār Naogaon','https://robohash.org/quivelitsint.png?size=64x64&set=set1'),(56,'bnorville1j','MzUItCp9','Male','2002-08-04','Philippines','Baugo','https://robohash.org/atqueestvel.png?size=64x64&set=set1'),(57,'rmcwhorter1k','uNEntGt0Dgi','Female','1991-12-25','Brazil','Quatá','https://robohash.org/facereeligendiconsequuntur.png?size=64x64&set=set1'),(58,'ryuryichev1l','qRj7OHu3','Female','1994-05-17','Indonesia','Ketangi','https://robohash.org/saepesitexcepturi.png?size=64x64&set=set1'),(59,'imeier1m','mCYwJZhwwpSh','Male','1993-07-11','Indonesia','Pulosari','https://robohash.org/voluptatemeaquenemo.png?size=64x64&set=set1'),(60,'cabramin1n','Jj6QQ7i','Male','2000-01-07','Colombia','Palestina','https://robohash.org/undeiureautem.png?size=64x64&set=set1'),(61,'dflicker1o','ypwNMoL2','Male','1993-09-21','Ukraine','Mala Danylivka','https://robohash.org/expeditaanemo.png?size=64x64&set=set1'),(62,'izuanelli1p','8zNX1hmL','Female','1999-08-21','Argentina','Zapala','https://robohash.org/autitaquevoluptatum.png?size=64x64&set=set1'),(63,'bgecks1q','vKJDPqc','Female','2009-10-12','Sweden','Ängelholm','https://robohash.org/repellendusinblanditiis.png?size=64x64&set=set1'),(64,'cabelovitz1r','qqklrBVjXU','Male','1998-11-14','Argentina','Carcarañá','https://robohash.org/idmagnamodio.png?size=64x64&set=set1'),(65,'rkilalea1s','fbaGjc','Male','2003-07-08','China','Qukou','https://robohash.org/animiquiavelit.png?size=64x64&set=set1'),(66,'apraton1t','tVCr9tzgFOZ','Male','1998-09-29','Finland','Valtimo','https://robohash.org/autemidquo.png?size=64x64&set=set1'),(67,'ibartholomew1u','5t0RP4wGh','Female','1999-02-16','Indonesia','Ayamaru','https://robohash.org/estlaudantiumaut.png?size=64x64&set=set1'),(68,'okwiek1v','CvgCRR0iAz','Male','2009-11-27','France','Auxerre','https://robohash.org/estmolestiaset.png?size=64x64&set=set1'),(69,'htremlett1w','lvspPaY','Female','1999-11-27','Russia','Krasnodar','https://robohash.org/vitaesitvel.png?size=64x64&set=set1'),(70,'eleggott1x','oRZqTdqO','Female','1996-07-31','Greece','Pappadátes','https://robohash.org/voluptascommodivoluptatem.png?size=64x64&set=set1'),(71,'ijovovic1y','lRkFQd','Female','2004-03-11','Indonesia','Kayu Agung','https://robohash.org/namquiaodio.png?size=64x64&set=set1'),(72,'buttermare1z','UPRggzhcwWpo','Male','2006-01-03','Georgia','Qvareli','https://robohash.org/quamatquis.png?size=64x64&set=set1'),(73,'triepl20','P8aEqUYQuiW','Male','1990-02-06','Croatia','Preko','https://robohash.org/voluptasaliquameum.png?size=64x64&set=set1'),(74,'gnevison21','8I6cZLTWzs','Male','2006-12-19','Portugal','Vilares','https://robohash.org/rerumasperioresporro.png?size=64x64&set=set1'),(75,'iedmed22','HPXcbxs','Female','2008-03-21','Uganda','Wobulenzi','https://robohash.org/estmodilibero.png?size=64x64&set=set1'),(76,'svicarey23','x5yFS2','Male','2005-09-11','China','Yishui','https://robohash.org/utiustovitae.png?size=64x64&set=set1'),(77,'choulden24','xBNllaRYea','Female','2005-11-20','Croatia','Brijest','https://robohash.org/velitaperiamquia.png?size=64x64&set=set1'),(78,'rfitzgerald25','57QleB','Male','1996-09-14','Madagascar','Mananara','https://robohash.org/iurenumquamut.png?size=64x64&set=set1'),(79,'awhithorn26','nLeL1qe','Female','2005-08-06','Indonesia','Neglasari','https://robohash.org/quoquiet.png?size=64x64&set=set1'),(80,'cffrench27','5MqByGeUa3yW','Female','1996-01-16','France','Melun','https://robohash.org/doloremquemolestiasexercitationem.png?size=64x64&set=set1'),(81,'ifearnall28','LXS2ZFF10jq','Male','2009-12-26','Honduras','La Sarrosa','https://robohash.org/ducimusnamvoluptas.png?size=64x64&set=set1'),(82,'wbilsborrow29','QfIQwb','Female','1997-08-23','Paraguay','Altos','https://robohash.org/quiadeseruntrerum.png?size=64x64&set=set1'),(83,'mclarson2a','SoP2hnkbI15G','Female','2007-02-23','Philippines','Causwagan','https://robohash.org/commodiveltempore.png?size=64x64&set=set1'),(84,'ahansie2b','OlrJhvP','Male','1999-12-24','Mexico','San Isidro','https://robohash.org/quibusdamoditaut.png?size=64x64&set=set1'),(85,'nluten2c','XGO1cDnTe9','Male','2009-01-20','Mexico','San Antonio','https://robohash.org/nisiquasinon.png?size=64x64&set=set1'),(86,'brobertshaw2d','Kleq33VJITs','Male','1996-04-11','Indonesia','Muararupit','https://robohash.org/doloradipisciut.png?size=64x64&set=set1'),(87,'adennert2e','T2WWcevYFsh','Female','2006-07-30','Indonesia','Talun','https://robohash.org/natusevenietpraesentium.png?size=64x64&set=set1'),(88,'adumper2f','dRrrb524S','Male','1995-03-04','South Sudan','Leer','https://robohash.org/autnumquamvoluptatibus.png?size=64x64&set=set1'),(89,'kportlock2g','hySUofzqEM','Male','1997-04-09','Brazil','Santa Cruz do Sul','https://robohash.org/veritatisrecusandaeculpa.png?size=64x64&set=set1'),(90,'bperrigo2h','g6XOWXy','Male','2007-06-02','Portugal','Macedo de Cavaleiros','https://robohash.org/natusinmaxime.png?size=64x64&set=set1'),(91,'lduguid2i','TJtzB4Ubdkw','Male','2001-05-23','Indonesia','Lampihung','https://robohash.org/idculpaiure.png?size=64x64&set=set1'),(92,'jsneller2j','jBZbY1lbSDMQ','Male','2008-09-15','Portugal','Lapas','https://robohash.org/quoenimqui.png?size=64x64&set=set1'),(93,'hkoopman2k','qLlqq42Xar2w','Male','1992-01-02','Kenya','Makueni','https://robohash.org/errorpraesentiumesse.png?size=64x64&set=set1'),(94,'clonsbrough2l','nn2Ms8','Male','2007-04-14','United States','Portland','https://robohash.org/atfugaiusto.png?size=64x64&set=set1'),(95,'ayurocjkin2m','XVGQ56k7XcO','Male','1997-07-02','Ukraine','Berezivka','https://robohash.org/ametreprehenderitid.png?size=64x64&set=set1'),(96,'favramovsky2n','BLeSTg7VPq','Female','1993-09-10','Armenia','Ptghunk’','https://robohash.org/ullamconsequaturdolores.png?size=64x64&set=set1'),(97,'pcruft2o','0v8B3si1hR3','Female','1999-03-12','China','Yuxin','https://robohash.org/nullaearumharum.png?size=64x64&set=set1'),(98,'gmelmeth2p','EOEdpV','Male','1990-06-27','Greece','Sérifos','https://robohash.org/quaerateiuspossimus.png?size=64x64&set=set1'),(99,'helsmore2q','qVRczDY','Male','2000-03-14','Ukraine','Fontanka','https://robohash.org/exercitationemautut.png?size=64x64&set=set1'),(100,'smayho2r','YWzQ30P1I','Male','1990-01-10','Canada','Sechelt','https://robohash.org/etinciduntminima.png?size=64x64&set=set1'),(101,'eheball2s','zj25MW','Male','2007-01-06','Venezuela','Carora','https://robohash.org/magninumquamdeserunt.png?size=64x64&set=set1'),(102,'abutte2t','01m0JtKEtnP0','Male','1995-02-13','Japan','Kushiro','https://robohash.org/utquododio.png?size=64x64&set=set1'),(103,'cpressland2u','Qjbqt3','Male','2003-03-14','China','Shiquanhe','https://robohash.org/inteneturautem.png?size=64x64&set=set1'),(104,'tpiggot2v','i7C6T7','Male','2006-06-30','Belarus','Prawdzinski','https://robohash.org/hicquiaminima.png?size=64x64&set=set1'),(105,'jgales2w','qxNFoxNkrR','Female','2001-11-15','China','Qimeng','https://robohash.org/doloremmolestiaseum.png?size=64x64&set=set1'),(106,'jiacovo2x','x7BhlNYqmBwT','Male','2006-02-26','Yemen','Aş Şafaqayn','https://robohash.org/etcorruptiratione.png?size=64x64&set=set1'),(107,'cdingivan2y','BXH8KxiRB','Female','1997-10-31','Indonesia','Kudang','https://robohash.org/nequeasperioresquibusdam.png?size=64x64&set=set1'),(108,'asalliere2z','vukKmurh','Male','1998-09-16','Indonesia','Trasak','https://robohash.org/minussedsint.png?size=64x64&set=set1'),(109,'jeisikowitz30','hxQMHZ','Female','1992-12-21','Russia','Maslovka','https://robohash.org/inventoreautdignissimos.png?size=64x64&set=set1'),(110,'mpre31','xwthVPGy461','Female','2007-08-21','Argentina','La Playosa','https://robohash.org/doloripsarecusandae.png?size=64x64&set=set1'),(111,'dgligoraci32','7IH22RN0b','Male','1990-10-29','China','Jinsha','https://robohash.org/aliasconsecteturdolorem.png?size=64x64&set=set1'),(112,'msteanson33','D6SOFaLlHs','Male','2005-05-31','Poland','Barcin','https://robohash.org/magnisuntvoluptatum.png?size=64x64&set=set1'),(113,'cminelli34','EKba7S3L7v','Male','2000-11-23','Vietnam','Plei Kần','https://robohash.org/laboriosamutquis.png?size=64x64&set=set1'),(114,'mmcaw35','1brd3cUO','Male','1994-10-12','Russia','Rechitsy','https://robohash.org/utetvoluptas.png?size=64x64&set=set1'),(115,'ndwine36','6QTx6D','Female','1995-04-28','Brazil','Ubá','https://robohash.org/natusevenietearum.png?size=64x64&set=set1'),(116,'gfrosdick37','1O5wiZ9qi','Male','2004-09-08','Canada','Sherbrooke','https://robohash.org/quasilaudantiumvoluptate.png?size=64x64&set=set1'),(117,'cpridding38','99eOLmjUy4','Male','1994-04-26','China','Qiujima','https://robohash.org/aliquamearumet.png?size=64x64&set=set1'),(118,'cmcpaik39','fnM5xQ8','Male','2009-11-04','China','Yixi','https://robohash.org/voluptatequisquamimpedit.png?size=64x64&set=set1'),(119,'mlewendon3a','XFjQkMd5v7','Male','2007-05-25','Russia','Rezh','https://robohash.org/quibusdamutdolores.png?size=64x64&set=set1'),(120,'mrupprecht3b','305Omylm','Male','1990-12-23','China','Tangnanzhen','https://robohash.org/eligendinihilquam.png?size=64x64&set=set1'),(121,'daubry3c','j3w5o8isbUu','Female','2005-10-04','Poland','Jabłonka','https://robohash.org/nihilautneque.png?size=64x64&set=set1'),(122,'rmckerlie3d','QKwbEfh','Male','2002-09-19','Brazil','Aracati','https://robohash.org/exvoluptasat.png?size=64x64&set=set1'),(123,'rdurber3e','CyaEN53L','Male','1992-06-09','Finland','Pargas','https://robohash.org/istequidolore.png?size=64x64&set=set1'),(124,'larch3f','1YYtzB','Female','1997-09-10','Czech Republic','Stará Huť','https://robohash.org/distinctiorecusandaeaccusamus.png?size=64x64&set=set1'),(125,'clammerich3g','Vx3ZNQc6','Female','2000-03-16','Philippines','San Francisco','https://robohash.org/aliasquiadoloribus.png?size=64x64&set=set1'),(126,'lfleury3h','8QJj3ti','Male','2002-06-21','Finland','Kaskinen','https://robohash.org/consecteturatquereiciendis.png?size=64x64&set=set1'),(127,'msange3i','RukPvSSHmkJN','Female','2007-01-09','Philippines','Siay','https://robohash.org/voluptatemlaboriosamalias.png?size=64x64&set=set1'),(128,'msachno3j','ujKCRGdw','Male','1992-10-31','Venezuela','La Cruz de Taratara','https://robohash.org/beataeestdebitis.png?size=64x64&set=set1'),(129,'cmetzig3k','FaasezC','Male','2006-08-23','Slovenia','Hrib-Loški Potok','https://robohash.org/molestiaequiqui.png?size=64x64&set=set1'),(130,'tsmallsman3l','uBoQA82Qgjvv','Unknown','2004-10-01','Syria','Al Ḩarāk','https://robohash.org/exculpanesciunt.png?size=64x64&set=set1'),(131,'rkynoch3m','3HGOPF','Female','2006-07-28','Indonesia','Tambarangan','https://robohash.org/undeerrordolores.png?size=64x64&set=set1'),(132,'tprater3n','xQiPqRnL','Male','1999-05-08','Mexico','San Isidro','https://robohash.org/exercitationemdolorsapiente.png?size=64x64&set=set1'),(133,'skield3o','GwJhkfTqoDn','Male','2006-01-16','Greece','Aianí','https://robohash.org/quiiurevoluptate.png?size=64x64&set=set1'),(134,'vsharphurst3p','Th1G9yaCqiND','Male','2008-09-19','Russia','Pristen’','https://robohash.org/natusvoluptatesimilique.png?size=64x64&set=set1'),(135,'kgribbins3q','L9oYAYop','Male','2005-03-29','Poland','Frampol','https://robohash.org/suntfugaasperiores.png?size=64x64&set=set1'),(136,'scracknell3r','HWoKGQ30vk0p','Male','1997-09-04','Portugal','Vale de São Cosme','https://robohash.org/voluptatesidomnis.png?size=64x64&set=set1'),(137,'rchaperlin3s','1bRZ3r5y7e7','Male','1995-12-11','China','Xindong','https://robohash.org/quidemquipossimus.png?size=64x64&set=set1'),(138,'clowery3t','wuk7Cku5','Female','1992-05-19','Russia','Nelazskoye','https://robohash.org/culpafugiatassumenda.png?size=64x64&set=set1'),(139,'cportlock3u','dbSoDPB6U','Male','1997-01-23','Mexico','Niños Heroes','https://robohash.org/quaevoluptaseveniet.png?size=64x64&set=set1'),(140,'cduly3v','YBWHpWs','Male','1997-05-02','France','Paris 08','https://robohash.org/undelaborevel.png?size=64x64&set=set1'),(141,'gmatyushkin3w','pEAAmcDB','Female','1996-10-06','Indonesia','Poli','https://robohash.org/ametnonsed.png?size=64x64&set=set1'),(142,'ddike3x','W5Yb4SP','Female','1994-09-17','Greece','Athens','https://robohash.org/nequeullamsimilique.png?size=64x64&set=set1'),(143,'aharesnape3y','Bw3GxkQG','Male','2001-02-19','United Kingdom','London','https://robohash.org/ipsapariaturquia.png?size=64x64&set=set1'),(144,'aworld3z','Ujhv4KLNK0Y','Male','1998-11-09','China','Ruihong','https://robohash.org/possimusaexercitationem.png?size=64x64&set=set1'),(145,'ehenlon40','NDIp97','Female','2009-07-12','China','Fengmu','https://robohash.org/hicpossimusvoluptatem.png?size=64x64&set=set1'),(146,'amandeville41','hvcxqJ1Hnx','Female','2007-04-05','China','Xinji','https://robohash.org/nequeetet.png?size=64x64&set=set1'),(147,'callden42','20WA7vwx','Female','1998-02-03','Colombia','La Unión','https://robohash.org/distinctioautdolorum.png?size=64x64&set=set1'),(148,'rthying43','m6Rty5y7','Unknown','1996-02-28','China','Dunhou','https://robohash.org/occaecatiutfugiat.png?size=64x64&set=set1'),(149,'tpeattie44','GtqFvvw2','Unknown','1994-12-20','Russia','Primorsko-Akhtarsk','https://robohash.org/optioautemquisquam.png?size=64x64&set=set1'),(150,'wcullinane45','v3nwsCk999cJ','Male','1998-04-20','Ukraine','Terpinnya','https://robohash.org/estassumendahic.png?size=64x64&set=set1'),(151,'jbock46','IiF564','Male','2006-10-05','Philippines','Usab','https://robohash.org/omnisofficiaenim.png?size=64x64&set=set1'),(152,'bsarvar47','rmCrJhfUg','Male','1995-12-27','Georgia','Bagdadi','https://robohash.org/aliasdoloreos.png?size=64x64&set=set1'),(153,'darbon48','yxUqvcKdiqs3','Unknown','1990-07-15','China','Xicheng','https://robohash.org/blanditiismaximedoloremque.png?size=64x64&set=set1'),(154,'hshearmer49','Vuznn8fwk','Male','1999-02-14','Maldives','Naifaru','https://robohash.org/voluptasidaperiam.png?size=64x64&set=set1'),(155,'tboggers4a','a1XhW9','Male','2009-12-27','China','Maliang','https://robohash.org/repudiandaeaspernaturmaxime.png?size=64x64&set=set1'),(156,'kbeggi4b','LVw18RXpq3','Female','2007-03-08','Philippines','Langtad','https://robohash.org/perferendisinciduntlabore.png?size=64x64&set=set1'),(157,'afrill4c','sO89n6mgU','Female','2003-06-01','Canada','Waterloo','https://robohash.org/culpainventoreamet.png?size=64x64&set=set1'),(158,'dbeekmann4d','viHp2x9C','Female','2004-03-06','Brazil','Matozinhos','https://robohash.org/asperioresnonmagnam.png?size=64x64&set=set1'),(159,'sbeaten4e','csSYVR1i','Male','1993-04-05','Indonesia','Meliau','https://robohash.org/quosametdoloribus.png?size=64x64&set=set1'),(160,'aallbut4f','s5o3AnCDCg8','Female','2000-08-03','Indonesia','Argotirto Krajan','https://robohash.org/sitquoseaque.png?size=64x64&set=set1'),(161,'mhallas4g','XL42j9','Unknown','1991-12-03','Palestinian Territory','Bīr Nabālā','https://robohash.org/sequiquosofficiis.png?size=64x64&set=set1'),(162,'trous4h','QEe2f5btpLea','Female','2001-07-02','China','Chenyangzhai','https://robohash.org/enimtotamconsequatur.png?size=64x64&set=set1'),(163,'bgorling4i','HUBGNqQe8','Male','2001-08-05','Poland','Józefosław','https://robohash.org/veleaquedeserunt.png?size=64x64&set=set1'),(164,'dcutsforth4j','bHdTDT22Gly7','Male','2009-03-27','Thailand','Chiang Rai','https://robohash.org/doloremqueperspiciatisipsum.png?size=64x64&set=set1'),(165,'aenion4k','LB9S66pfU','Female','2009-07-17','Dominican Republic','Enriquillo','https://robohash.org/errorenimharum.png?size=64x64&set=set1'),(166,'tcleatherow4l','ydex6H','Female','1991-06-10','Ukraine','Kozhanka','https://robohash.org/dolorenatussapiente.png?size=64x64&set=set1'),(167,'ehatherley4m','E2HzbSzm','Female','2000-08-31','Portugal','Boavista','https://robohash.org/voluptatesimiliqueomnis.png?size=64x64&set=set1'),(168,'cgiorgi4n','4EmGgSPfEa0','Female','2005-05-03','New Zealand','Tauranga','https://robohash.org/doloremrepudiandaedignissimos.png?size=64x64&set=set1'),(169,'bdobrovolny4o','kJ7eU5j','Male','1997-05-03','Sweden','Linköping','https://robohash.org/atquedoloroptio.png?size=64x64&set=set1'),(170,'diston4p','WcEFKe','Female','1995-07-18','Greece','Ágios Pétros','https://robohash.org/placeatutneque.png?size=64x64&set=set1'),(171,'lkeuntje4q','MXewscGfjw','Female','1993-08-24','Malaysia','Melaka','https://robohash.org/delectusdoloremperspiciatis.png?size=64x64&set=set1'),(172,'ayeiles4r','b05fLtKPni','Unknown','2002-01-03','Russia','Koltushi','https://robohash.org/velitfugitmaxime.png?size=64x64&set=set1'),(173,'rvidineev4s','en2Z46gq3RT','Male','2000-01-12','China','Meishan','https://robohash.org/natustemporea.png?size=64x64&set=set1'),(174,'jgoodisson4t','djmD23keogvN','Female','2005-03-30','China','Beigang','https://robohash.org/eumvoluptatemmaiores.png?size=64x64&set=set1'),(175,'pbugler4u','gdo9FqKmC','Male','1995-05-06','China','Shangma','https://robohash.org/sintnesciuntquos.png?size=64x64&set=set1'),(176,'efreddi4v','BjQunFZ','Male','2008-12-30','China','Bei’an','https://robohash.org/voluptatesuntquae.png?size=64x64&set=set1'),(177,'cvernay4w','7YBmNa2','Male','2007-06-08','Brazil','Paulo Afonso','https://robohash.org/sedtemporibusvoluptatum.png?size=64x64&set=set1'),(178,'tmohammad4x','a75Zmvo17hB','Female','2008-11-24','Indonesia','Mekarjaya Satu','https://robohash.org/etutrepellendus.png?size=64x64&set=set1'),(179,'sdannehl4y','PyX5np','Unknown','1997-08-02','Macedonia','Ilinden','https://robohash.org/deseruntundeconsequatur.png?size=64x64&set=set1'),(180,'bgrayland4z','RTJwYbWPpXa5','Female','2009-10-22','Russia','Mama','https://robohash.org/solutanihilipsa.png?size=64x64&set=set1'),(181,'eworsell50','OhOTb8nPJ1c','Female','1993-08-09','China','Yangzhou','https://robohash.org/molestiaenecessitatibuset.png?size=64x64&set=set1'),(182,'dnequest51','QcyYru','Female','2000-06-21','Mexico','San Francisco','https://robohash.org/dolorestvitae.png?size=64x64&set=set1'),(183,'saguirre52','SyLF3AQR','Male','2001-02-08','United States','Danbury','https://robohash.org/laboriosamrerumodio.png?size=64x64&set=set1'),(184,'kdillamore53','LoeYLXKsxF','Female','1998-10-17','Micronesia','Kuttu','https://robohash.org/autemofficiatenetur.png?size=64x64&set=set1'),(185,'mfoan54','a9cJ4V','Male','1991-10-11','China','Chegang','https://robohash.org/eumporromagnam.png?size=64x64&set=set1'),(186,'ehancill55','eXyws9Mhqgx','Female','1995-03-21','Panama','El Coco','https://robohash.org/voluptateseosmaiores.png?size=64x64&set=set1'),(187,'ctraut56','VLDqqrD5wG2Z','Unknown','2009-07-24','Portugal','Carrasqueira','https://robohash.org/nullaculpain.png?size=64x64&set=set1'),(188,'hmcglew57','j8WnJFf','Female','1999-11-28','France','Amiens','https://robohash.org/veliteligendidolorem.png?size=64x64&set=set1'),(189,'cpourveer58','DTuEbB','Male','2004-10-29','Russia','Krutaya Gorka','https://robohash.org/voluptatemnisiofficiis.png?size=64x64&set=set1'),(190,'bmawne59','coAtuSJvhCT0','Male','2001-07-18','Indonesia','Jepara','https://robohash.org/voluptassimiliqueeaque.png?size=64x64&set=set1'),(191,'tthorneley5a','K4QrMVQVXsx0','Female','2000-11-14','China','Yayao','https://robohash.org/autsitvoluptatibus.png?size=64x64&set=set1'),(192,'igolding5b','2ZLF53r8lHLg','Female','1993-06-28','Indonesia','Manglid','https://robohash.org/autiureet.png?size=64x64&set=set1'),(193,'tcolrein5c','ZCb7Hc','Female','2007-10-14','Poland','Wyszki','https://robohash.org/voluptasconsecteturcum.png?size=64x64&set=set1'),(194,'gfontin5d','jYYzz1XwUB3w','Male','2003-12-13','China','Sanshengyuan','https://robohash.org/cumquequidolorem.png?size=64x64&set=set1'),(195,'jbletso5e','y2amZif7coJ','Female','2006-01-20','Portugal','Ferreiros','https://robohash.org/porroducimusillo.png?size=64x64&set=set1'),(196,'delner5f','JlziahEKk','Male','2002-07-06','Thailand','Sawang Daen Din','https://robohash.org/atrepellendusnemo.png?size=64x64&set=set1'),(197,'hchansonne5g','xA4ADBJVAxw','Male','2007-12-06','Czech Republic','Šumice','https://robohash.org/illumadlibero.png?size=64x64&set=set1'),(198,'lrenforth5h','1LSvRmuuw','Female','1992-05-14','Sudan','Geneina','https://robohash.org/quiquasisequi.png?size=64x64&set=set1'),(199,'tesilmon5i','3JqIhtl','Female','1992-01-16','United States','Tyler','https://robohash.org/sitautqui.png?size=64x64&set=set1'),(200,'fwarman5j','h5UKGk','Male','2004-01-21','Poland','Podgórzyn','https://robohash.org/sitetvoluptatem.png?size=64x64&set=set1'),(201,'hmarskell5k','JStlRFemq','Male','2001-08-24','Philippines','Pawa','https://robohash.org/essenumquamvoluptatem.png?size=64x64&set=set1'),(202,'kolyff5l','y3pQwtQ','Female','1990-01-28','Sweden','Österbybruk','https://robohash.org/temporibusoptioodit.png?size=64x64&set=set1'),(203,'tdymoke5m','sEeVc8NT5sI','Female','2008-11-03','Philippines','Kitcharao','https://robohash.org/uttemporaut.png?size=64x64&set=set1'),(204,'cyve5n','TiISUd6Rs','Female','1998-09-06','Greece','Ayía Triás','https://robohash.org/quiautcumque.png?size=64x64&set=set1'),(205,'rboys5o','IdYvCib0','Unknown','1995-04-20','China','Baolin','https://robohash.org/atminimavoluptate.png?size=64x64&set=set1'),(206,'rcamolli5p','G2LtAd3W','Male','2007-10-01','China','Taojiahe','https://robohash.org/etquiquia.png?size=64x64&set=set1'),(207,'nyurmanovev5q','x4OON6W81ttm','Male','2009-08-16','Poland','Winnica','https://robohash.org/exsedrepellat.png?size=64x64&set=set1'),(208,'lbroinlich5r','OxTJgfudhSt','Female','1997-04-16','Indonesia','Laju Kidul','https://robohash.org/beataererumtempore.png?size=64x64&set=set1'),(209,'crealff5s','xnKeMz','Female','2005-12-01','China','Zhetian','https://robohash.org/estesseet.png?size=64x64&set=set1'),(210,'pmccolm5t','imwH60','Male','1998-12-03','Greece','Kynopiástes','https://robohash.org/ipsamnisiut.png?size=64x64&set=set1'),(211,'sosbourn5u','r79Gz1IFR','Male','1999-10-30','Sweden','Partille','https://robohash.org/quicupiditatequi.png?size=64x64&set=set1'),(212,'cbowser5v','pfPOWo','Unknown','1995-07-10','Tajikistan','Dŭstí','https://robohash.org/quiaaccusantiumsint.png?size=64x64&set=set1'),(213,'croddick5w','OfDfx4015lh','Female','1995-01-02','Ireland','Dún Laoghaire','https://robohash.org/ametathic.png?size=64x64&set=set1'),(214,'jbeddoes5x','FnYWEYhy','Male','2007-07-28','Indonesia','Ubajami','https://robohash.org/dolordolorumrerum.png?size=64x64&set=set1'),(215,'rmoulson5y','gXixd4Zx','Female','2007-01-15','Indonesia','Babakanlapang','https://robohash.org/possimuslaboriosamlaudantium.png?size=64x64&set=set1'),(216,'sbohills5z','OMsbrWP','Female','2000-03-15','Indonesia','Kamal','https://robohash.org/officiaquisunt.png?size=64x64&set=set1'),(217,'dblackster60','PENF472C3W8','Female','2000-03-04','France','Saint-Lô','https://robohash.org/estcumnatus.png?size=64x64&set=set1'),(218,'wcrennell61','SwyYWX','Male','2002-02-25','China','Heshan','https://robohash.org/abmolestiaemagni.png?size=64x64&set=set1'),(219,'pnormand62','XeIua8a','Female','2006-02-11','France','La Rochelle','https://robohash.org/etsolutanumquam.png?size=64x64&set=set1'),(220,'fcasserley63','Y3NN2CpKjuD','Female','1991-07-18','United States','Orlando','https://robohash.org/sapientearchitectoet.png?size=64x64&set=set1'),(221,'glemary64','pUJlrKe5e25c','Unknown','1991-01-04','Netherlands','Soest','https://robohash.org/omnisvoluptasvero.png?size=64x64&set=set1'),(222,'neykel65','tRWVTdT4C','Male','2000-03-08','United States','New Orleans','https://robohash.org/quisquamevenietpariatur.png?size=64x64&set=set1'),(223,'cgrimm66','qaoO5GRbYZG5','Male','1995-02-13','Thailand','Sahatsakhan','https://robohash.org/erroresseillum.png?size=64x64&set=set1'),(224,'ascholard67','8zq955s','Male','1993-10-20','Poland','Łękawica','https://robohash.org/ipsamnemopossimus.png?size=64x64&set=set1'),(225,'emattersley68','YJLt6rZb3ar5','Male','2002-04-12','China','Yilan','https://robohash.org/estmollitiaenim.png?size=64x64&set=set1'),(226,'tyeaman69','cmEeRtNiI','Male','2000-04-03','Slovenia','Šentrupert','https://robohash.org/quiiustoquidem.png?size=64x64&set=set1'),(227,'bsyms6a','2yOrJO','Male','1993-03-19','Burundi','Bururi','https://robohash.org/sintrerumhic.png?size=64x64&set=set1'),(228,'brosenfeld6b','AKxROimx24v','Male','1993-09-15','Indonesia','Oesao','https://robohash.org/eumlaborequo.png?size=64x64&set=set1'),(229,'jgoreway6c','xMl2Hhwabr','Male','2007-07-22','Brazil','Encantado','https://robohash.org/liberoestdolor.png?size=64x64&set=set1'),(230,'atrolley6d','e6Gy8nSpVM','Female','2003-08-08','Macedonia','Ростуша','https://robohash.org/quidemmollitianeque.png?size=64x64&set=set1'),(231,'idunsmore6e','5NKZWUkvXF','Female','2007-10-19','Russia','Shirokovskiy','https://robohash.org/quisametvel.png?size=64x64&set=set1'),(232,'mmacpadene6f','VMzp3Pq2w4HI','Male','1996-07-12','Indonesia','Blimbing','https://robohash.org/dignissimosvelquibusdam.png?size=64x64&set=set1'),(233,'pizkovicz6g','pOSACox','Male','2009-12-14','China','Bozhou','https://robohash.org/delectusdoloresillo.png?size=64x64&set=set1'),(234,'bmaccallester6h','UiKbiq1nj','Female','2009-02-20','Indonesia','Padangulaktanding','https://robohash.org/sequieiusqui.png?size=64x64&set=set1'),(235,'lheffernan6i','R4OH2ix','Male','2001-05-01','Canada','Swan Hills','https://robohash.org/molestiasminimasimilique.png?size=64x64&set=set1'),(236,'eloughhead6j','eLXNEkw','Female','1994-09-19','Ireland','Ballymun','https://robohash.org/delenitisaepeofficia.png?size=64x64&set=set1'),(237,'abootes6k','EMsb7dNCWE','Female','1997-05-10','Sweden','Finspång','https://robohash.org/natusillumexercitationem.png?size=64x64&set=set1'),(238,'aillingsworth6l','Pk6I9Iok8','Female','1992-11-05','United States','Chicago','https://robohash.org/voluptatemisterepudiandae.png?size=64x64&set=set1'),(239,'kscotney6m','eRfx1JPGnA','Female','1992-03-30','Czech Republic','Mladá Boleslav','https://robohash.org/illumnullaut.png?size=64x64&set=set1'),(240,'kseverwright6n','fuRoe5','Female','1991-06-08','Indonesia','Nangerang','https://robohash.org/quiautfacere.png?size=64x64&set=set1'),(241,'scarmel6o','kdyqsnJ','Female','1995-06-06','Syria','Al Qaryatayn','https://robohash.org/quilaboriosamrepudiandae.png?size=64x64&set=set1'),(242,'bwoller6p','eQKy6o','Female','1995-04-14','Kyrgyzstan','Batken','https://robohash.org/dolorereiciendishic.png?size=64x64&set=set1'),(243,'abricknell6q','xRHGk6SYzIr','Male','2004-07-18','Indonesia','Mlanggeng','https://robohash.org/accusantiumcommodioptio.png?size=64x64&set=set1'),(244,'cbairstow6r','imPEJF','Male','2005-10-22','Madagascar','Manjakandriana','https://robohash.org/autiustoet.png?size=64x64&set=set1'),(245,'cjanowicz6s','L9nWu1AW','Male','2003-12-08','Philippines','Bato','https://robohash.org/voluptatenemolaboriosam.png?size=64x64&set=set1'),(246,'alecount6t','LjNmOAW1yik8','Female','2006-06-23','Indonesia','Bhokadoke','https://robohash.org/aliquaminipsam.png?size=64x64&set=set1'),(247,'lkeetch6u','cAggAXZW9id','Male','2001-09-14','China','Huangzhu','https://robohash.org/etperferendisdolorem.png?size=64x64&set=set1'),(248,'llettuce6v','e5mh8u5u','Male','1999-05-30','Ecuador','Pedro Carbo','https://robohash.org/rationeconsequaturdoloremque.png?size=64x64&set=set1'),(249,'spfaff6w','7nsoIVQ0','Male','1997-12-03','Finland','Valtimo','https://robohash.org/quiatemporibusut.png?size=64x64&set=set1'),(250,'abottomley6x','YSTIeQrEaN','Unknown','1993-03-13','Peru','Tournavista','https://robohash.org/rationeplaceatqui.png?size=64x64&set=set1'),(251,'ebrea6y','vYzNBTttw','Female','2008-09-24','Portugal','Ladário','https://robohash.org/estquihic.png?size=64x64&set=set1'),(252,'htuma6z','w2F6lKhzTV','Female','2004-04-17','Saudi Arabia','Al Qurayn','https://robohash.org/velitfugaaccusamus.png?size=64x64&set=set1'),(253,'ecristofolini70','B4Aa4T7','Male','2005-02-18','Thailand','Chum Phae','https://robohash.org/quasieiusquas.png?size=64x64&set=set1'),(254,'daxworthy71','oeB9Bn','Female','1997-12-10','Indonesia','Kudang','https://robohash.org/reprehenderitmolestiaseum.png?size=64x64&set=set1'),(255,'mdelos72','dFees5INyBA4','Male','1997-02-05','China','Sangongqiao','https://robohash.org/accusantiumeanon.png?size=64x64&set=set1'),(256,'rmarchant73','68TnhqX','Male','2001-05-25','Sweden','Vadstena','https://robohash.org/numquamvoluptasquod.png?size=64x64&set=set1');
/*!40000 ALTER TABLE `users` ENABLE KEYS */;
UNLOCK TABLES;
/*!40103 SET TIME_ZONE=@OLD_TIME_ZONE */;

/*!40101 SET SQL_MODE=@OLD_SQL_MODE */;
/*!40014 SET FOREIGN_KEY_CHECKS=@OLD_FOREIGN_KEY_CHECKS */;
/*!40014 SET UNIQUE_CHECKS=@OLD_UNIQUE_CHECKS */;
/*!40101 SET CHARACTER_SET_CLIENT=@OLD_CHARACTER_SET_CLIENT */;
/*!40101 SET CHARACTER_SET_RESULTS=@OLD_CHARACTER_SET_RESULTS */;
/*!40101 SET COLLATION_CONNECTION=@OLD_COLLATION_CONNECTION */;
/*!40111 SET SQL_NOTES=@OLD_SQL_NOTES */;

-- Dump completed on 2022-05-05 15:27:05
